Models,Accuracy,F1 Score,Precision,Recall,AUC-ROC,Log Loss,Perplexity,TOPSIS Score,Rank
BERT,0.92,0.91,0.9,0.93,0.95,0.25,12,1.0,1.0
XLNet,0.89,0.88,0.87,0.9,0.92,0.3,14,0.5318527264910913,3.0
RoBERTa,0.91,0.9,0.89,0.92,0.94,0.28,13,0.7617515593830957,2.0
ALBERT,0.88,0.86,0.85,0.89,0.91,0.32,16,0.23824844061690423,4.0
DistilBERT,0.87,0.85,0.84,0.88,0.9,0.35,17,0.0,5.0
